first,last,amount,tel,email
Noah,Hall,164061,709-505-1878,6ad9jbz0@nlfyupfq.com
James,Lopez,669775,747-138-8412,1ukxwrho@oec52w9g.com
Abigail,Phillips,6028,304-891-5452,i97tbqvx@nyjmsyr3.com
Joseph,Gonzalez,85716,457-151-7683,3myv4ntn@z009mnit.com
Zoey,Roberts,889103,550-611-1273,xc6jzlju@o7zvzc00.com
Carter,Roberts,15697,694-162-9985,rtx11m82@yjk06j7c.com
Charlotte,Edwards,9340,334-892-1630,jg5he3v2@8e2q9445.com
Aiden,Young,3119,717-979-5700,tqrkvzwe@3zyo14g8.com
Camila,Turner,7049,284-781-4088,s6qgsbh7@wxlabxfz.com
Lillian,Lee,4317819,931-135-4042,1abt7cbi@4k2sriq8.com
Sophia,Smith,31904453,867-535-4094,0elcr48x@kxpj6oix.com
Carter,Brown,35505330,311-647-1008,ogsiz7oh@1u9pp43c.com
Harper,Phillips,853216,365-912-9899,vy65nqyw@og5296uf.com
William,Lopez,344086,830-510-8723,0sy8uovf@5xunowsk.com
Ella,Martinez,8625002,316-662-8706,20mnwyic@poajqisb.com
Harper,Edwards,653108,275-828-8556,yfav8ejs@2p4twphc.com
Matthew,Gonzalez,2159477,904-483-4657,769ha7yi@in2yfpx3.com
Ethan,Hall,17690,383-873-7613,hil03cmj@1nie0rr2.com
Victoria,Hall,57254692,822-275-6038,6842euz5@p20b0oeh.com
Penelope,Martin,1800344,40-633-4770,rbpnmwds@53innwtp.com
Elizabeth,Edwards,40260630,669-571-9011,ju7l4qlg@e88glwts.com
Harper,Johnson,505434,481-491-6558,vuy36q5m@vqx0c8j6.com
James,Mitchell,5020455,680-664-4977,sh2l45yq@2jbvb69c.com
Natalie,Rodriguez,6529,80-878-3564,yo3y207i@pu19ynfi.com
Joseph,Jones,94290409,836-268-7133,rtc8t6hn@59wfjv51.com
Scarlett,Evans,60189,642-322-6243,sv9ybka6@mcnd274o.com
Lillian,Wright,21123180,262-113-2360,cvayye5r@qxyz3laq.com
Grace,Jones,61089,579-338-5173,b2b1r3ic@lk1a0b6h.com
Harper,Clark,8213,907-229-2479,8no3y03w@svl499mp.com
Natalie,White,7463745,842-801-5492,2ahg6xpc@enebu282.com
